Time(Iteration),UCB1,egreedy_0.1,IMFB
0,0.523369783927687,0.4949232293214463,0.5349234356942381
