Time(Iteration),UCB1,egreedy_0.1,IMFB
0,8650.923890228376,8712.15854980025,8738.857603677365
1,8879.52621330227,8649.483187238007,8820.844589578133
