Time(Iteration),UCB1,egreedy_0.1,IMFB
0,2153.7543681400352,2183.1151512186616,2219.5659688000187
1,2230.1656250153274,2236.0975653610953,2134.6783574051624
