Time(Iteration),UCB1,egreedy_0.1,IMFB
0,8717.76341633112,8679.337719325844,8733.257670847368
