Time(Iteration),UCB1,egreedy_0.1,IMFB
0,0.5151148722552419,0.5144015962935446,0.5169309528231798
