Time(Iteration),UCB1,egreedy_0.1,IMFB
0,8776.577304751272,8796.781467997791,8741.910187599717
1,8610.703718291094,8673.276113449936,8780.047420255807
2,8628.00638929454,8769.978061261274,8602.165824130065
3,8768.565944379572,8754.685529625773,8581.883127048104
4,8819.030117939172,8791.34337169809,8627.763126958456
5,8795.56547548824,8617.95385036752,8610.788794524125
6,8731.839706665702,8613.610172826127,8778.671433579682
7,8512.544873500183,8692.249125338541,8656.561115276967
