Time(Iteration),UCB1,egreedy_0.1,IMFB
0,8663.302239381195,8564.689553423455,8778.5089273879
1,8633.708681035407,8605.040910392847,8782.676669396962
2,8532.810281643255,8686.552155753945,8761.501870102438
