Time(Iteration),UCB1,egreedy_0.1,IMFB
0,0.5289798992900776,0.49341090370645535,0.47924212171867264
1,0.5208636443371306,0.4829007243684993,0.4748141355043751
2,0.49698695723955755,0.4840299704886908,0.46084011783886414
3,0.5172875908040284,0.4866154346210996,0.5184168369242199
4,0.48075444733366357,0.5055159577761268,0.539737725978207
5,0.48933955547300645,0.5595991724451048,0.4961350245583622
