Time(Iteration),UCB1,egreedy_0.1,IMFB
0,256.73826194281406,256.7298277889836,256.7298277889836
1,255.74536357146752,255.74647677607118,256.73826194281406
2,258.7093134318138,255.74536357146752,259.6997460520036
3,257.71871145756506,256.7298277889836,254.75931440412694
4,256.73536044465266,254.75722734837552,251.81128926649342
5,251.8116231900591,257.7179640120756,254.7725708210923
