Time(Iteration),UCB1,egreedy_0.1,IMFB
0,1997.9937728315238,1997.9937728315238,1997.9937728315238
1,1997.9937728315238,1997.9937728315238,1997.9937728315238
2,1997.9937728315238,1997.9937728315238,1997.9937728315238
