Time(Iteration),UCB1,egreedy_0.1,IMFB
0,1921.266510339444,1930.6756581386028,1930.2386895269433
