Time(Iteration),UCB1,egreedy_0.1,IMFB
0,444.80270868562667,454.0043087714437,454.8462666273491
1,458.31831627983536,446.84633284629496,418.80306877115214
