Time(Iteration),UCB1,egreedy_0.1,IMFB
0,1238.7375508603127,1167.1173212094002,1247.2526616454868
1,1271.93949514421,1198.9645398661048,1158.4494183021231
2,1201.083399616043,1209.1950913177036,1159.9974623499038
3,1271.971815692476,1270.7131992649345,1225.834288133903
4,1224.9373717656094,1298.376150683212,1139.3026936802282
5,1199.6368575593501,1300.5879120610398,1219.6086460329352
6,1229.9318293299661,1163.5125152955502,1214.5307521564134
7,1185.817859183503,1206.390836658377,1252.0221934469716
8,1148.4556255296225,1114.0202580206728,1267.980757543399
